Dougherty,Antwan
Knox,Patrick
Parrish,Shane
Kerr,Jerome
Foley,Adriel
Wagner,Seamus
Hobbs,Ashton
Petty,Evie
Myers,Leandro
Roberts,Julia
Brandt,Lukas
Livingston,Alani
Peterson,Jamiya
Roy,Kirsten
Copeland,Johnny
Wong,Amirah
Kline,Luciano
Joseph,Lance
Rangel,Paula
Massey,Jamie
Rubio,Karli
Mcguire,Ellis
Oliver,Madyson
Fry,Serenity
Leon,Jaliyah
Guerrero,Parker
Kemp,Milagros
Garza,Aniya
Roberts,Zoe
Chan,Ryder
Norton,Antonio
Kim,Jazlene
Cox,America
Rogers,Colby
Conrad,Stella
Mccullough,Micheal
Hardy,Kolby
Tapia,Sophia
Jacobson,Addison
Terrell,Aimee
Cannon,Abagail
Conrad,Donald
Medina,Tiana
Vasquez,Edwin
Mcclain,Sofia
Nash,Braylon
Buchanan,Chaya
Juarez,Charlize
Yu,Xzavier
Kent,Timothy
Jones,Bailee
Hoover,Elizabeth
Ramos,Jaida
Livingston,Perla
Simpson,Shayna
Dawson,Jan
Huffman,Aryana
Fernandez,Hillary
Barnes,Hillary
Parks,Kayla
Murphy,Todd
Kelley,Melissa
Gross,Abbigail
Benton,Alina
Klein,Jadon
Love,Saul
Galvan,Ingrid
Logan,Zachery
Singleton,Rubi
Esparza,Emiliano
Salazar,Sierra
Blair,Ashlyn
Barrera,Destiney
Good,Armani
Mcneil,Maximus
Peters,Jalen
Preston,Chana
Simmons,Asia
Mccarty,Ronan
Mitchell,Adrianna
Evans,Molly
Mcclure,Lilah
Riddle,Lola
Novak,Khloe
Harding,Elyse
Clark,Aditya
Patterson,Alvin
Benson,Deegan
Mcbride,Aaron
West,Lilyana
Liu,Connor
Camacho,Asher
Hancock,Myles
Cook,Asher
Tanner,Cale
Hester,Trent
Romero,Cristofer
Caldwell,Maren
Long,Matthew
Booker,Remington
